agent_model,judge_model,protocol,runs,avg_overall_quality_score,avg_accuracy_norm,avg_completeness_norm,avg_helpfulness_norm,avg_hallucination_rate,avg_runtime_seconds,avg_total_tokens,avg_estimated_cost,avg_active_agent_count,avg_interaction_count,avg_rounds_completed,avg_message_count,avg_communication_density,avg_agreement_rate,avg_critique_acceptance_rate,avg_tool_call_count,avg_quality_token_ratio,avg_quality_api_cost_ratio,avg_uncapped_quality_score,avg_overall_score_cap,avg_scorer_input_tokens,avg_scorer_output_tokens,avg_scorer_total_tokens,avg_judge_estimated_cost,avg_total_estimated_cost
gpt-4o-mini,gpt-5.4-mini,Debate,6,0.722083,0.666667,0.83055,0.666667,0.183333,82.615167,24706.333333,0.006539,4.0,7.0,2.0,6.0,1.5,,,0.0,3.2e-05,65.646657,0.738333,0.833333,3800.333333,520.5,4320.833333,0.005193,0.011731
gpt-4o-mini,gpt-5.4-mini,Dynamic Task Allocation,6,0.6695,0.541667,0.83055,0.583333,0.203333,119.104,44839.833333,0.010435,6.0,11.0,3.0,10.0,1.6667,,,0.0,1.6e-05,44.533864,0.674917,0.75,3771.5,585.166667,4356.666667,0.005462,0.015897
gpt-4o-mini,gpt-5.4-mini,Manager-Worker,6,0.6852,0.625,0.81945,0.625,0.191667,83.895167,22658.666667,0.006303,6.0,8.0,3.0,7.0,1.1667,,,0.0,3.6e-05,65.180884,0.710833,0.833333,3708.666667,559.666667,4268.333333,0.0053,0.011603
gpt-4o-mini,gpt-5.4-mini,Sequential Handoff,6,0.695417,0.625,0.853467,0.625,0.191667,49.5175,10978.0,0.003308,4.0,4.0,1.0,3.0,0.75,,,0.0,7.1e-05,87.635525,0.72105,0.833333,3712.5,544.333333,4256.833333,0.005234,0.008542
gpt-4o-mini,gpt-5.4-mini,Shared Blackboard,6,0.63395,0.541667,0.788883,0.541667,0.208333,103.956167,43351.0,0.009899,5.0,9.0,2.0,8.0,1.6,,,0.0,1.7e-05,46.397037,0.653317,0.833333,3748.666667,617.333333,4366.0,0.005589,0.015488
gpt-4o-mini,gpt-5.4-mini,Single Agent,6,0.666867,0.583333,0.803467,0.583333,0.191667,15.344333,1603.5,0.000744,1.0,1.0,1.0,0.0,0.0,,,0.0,0.000487,109.987706,0.683117,0.833333,3829.5,597.0,4426.5,0.005559,0.006303
gpt-4o-mini,gpt-5.4-mini,Unstructured Group Chat,6,0.708533,0.625,0.771533,0.666667,0.166667,113.820167,67579.166667,0.013599,5.0,13.0,3.0,12.0,2.4,,,0.0,1.1e-05,40.060543,0.708533,0.866667,3703.5,551.5,4255.0,0.005259,0.018858
gpt-4o-mini,gpt-5.4-mini,Voting,6,0.699367,0.625,0.797917,0.625,0.225,65.053833,25462.666667,0.005731,4.0,8.0,2.0,8.0,2.0,0.75,,0.0,3.3e-05,72.188162,0.699367,0.9,3819.0,564.5,4383.5,0.005404,0.011136
