protocol,runs,avg_overall_quality_score,avg_accuracy_norm,avg_completeness_norm,avg_helpfulness_norm,avg_hallucination_rate,avg_runtime_seconds,avg_total_tokens,avg_estimated_cost,avg_message_count,avg_communication_density,avg_quality_cost_ratio
Manager-Worker,6,0.970833,0.958333,0.983333,0.958333,0.008333,60.663667,18636.333333,0.003242,6.0,1.0,5.4e-05
Sequential Handoff,6,0.947083,0.916667,0.952783,0.958333,0.008333,47.926167,10744.833333,0.001929,3.0,0.75,9.1e-05
Shared Blackboard,6,0.95625,0.916667,0.983333,0.958333,0.008333,44.644667,14025.166667,0.002439,4.0,0.8,7e-05
Single Agent,6,0.95125,0.916667,0.966667,0.958333,0.008333,13.667167,1956.333333,0.000425,0.0,0.0,0.000516
